{
  "mae": 5.149241924285889,
  "rmse": 6.843867888806984,
  "mse": 46.83852767944336,
  "r2_score": 0.8847471475601196,
  "output_range": [
    0,
    100
  ]
}