{
  "mae": 5.920021057128906,
  "rmse": 7.951576306958317,
  "mse": 63.22756576538086,
  "r2_score": 0.844419538974762,
  "output_range": [
    0,
    100
  ]
}