{
  "mae": 5.481777667999268,
  "rmse": 8.322057292114865,
  "mse": 69.25663757324219,
  "r2_score": 0.8295841813087463,
  "output_range": [
    0,
    100
  ]
}